{"cameraMode":{"drawMode":0,"name":"Shaded","section":"Shading Mode"},"sceneLighting":true,"audioPlay":false,"sceneViewState":{"showFog":true,"showMaterialUpdate":false,"showSkybox":true,"showFlares":true,"showImageEffects":true,"showParticleSystems":true},"in2DMode":false,"pivot":{"x":8.085685729980469,"y":1.438457727432251,"z":3.7210617065429689},"rotation":{"x":-0.0037977031897753479,"y":-0.4292849898338318,"z":-0.0017668224172666669,"w":0.9031956791877747},"size":0.712654173374176,"orthographic":false}