{"cameraMode":{"drawMode":0,"name":"Shaded","section":"Shading Mode"},"sceneLighting":true,"audioPlay":false,"sceneViewState":{"showFog":true,"showMaterialUpdate":false,"showSkybox":true,"showFlares":true,"showImageEffects":true,"showParticleSystems":true},"in2DMode":false,"pivot":{"x":0.07905460894107819,"y":1.4299396276474,"z":0.3766344487667084},"rotation":{"x":-0.06651417911052704,"y":-0.8263722062110901,"z":0.09990280866622925,"w":-0.5501869916915894},"size":2.135612726211548,"orthographic":false}