{"cameraMode":{"drawMode":0,"name":"Shaded","section":"Shading Mode"},"sceneLighting":true,"audioPlay":false,"sceneViewState":{"showFog":true,"showMaterialUpdate":false,"showSkybox":true,"showFlares":true,"showImageEffects":true,"showParticleSystems":true},"in2DMode":false,"pivot":{"x":-14.633393287658692,"y":-8.828679084777832,"z":0.8985600471496582},"rotation":{"x":0.10878005623817444,"y":-0.8287094831466675,"z":0.17300426959991456,"w":0.5210503935813904},"size":30.002918243408204,"orthographic":false}