{"cameraMode":{"drawMode":0,"name":"Shaded","section":"Shading Mode"},"sceneLighting":true,"audioPlay":false,"sceneViewState":{"showFog":true,"showMaterialUpdate":false,"showSkybox":true,"showFlares":true,"showImageEffects":true,"showParticleSystems":true},"in2DMode":false,"pivot":{"x":-0.8485862016677856,"y":1.5431509017944337,"z":0.9730125665664673},"rotation":{"x":-0.1338852047920227,"y":0.27470317482948305,"z":-0.03865836560726166,"w":-0.9513764977455139},"size":2.032564401626587,"orthographic":false}