{"cameraMode":{"drawMode":0,"name":"Shaded","section":"Shading Mode"},"sceneLighting":true,"audioPlay":false,"sceneViewState":{"showFog":true,"showMaterialUpdate":false,"showSkybox":true,"showFlares":true,"showImageEffects":true,"showParticleSystems":true},"in2DMode":false,"pivot":{"x":0.08036761730909348,"y":1.3843432664871216,"z":0.35628533363342287},"rotation":{"x":0.020833835005760194,"y":0.9786310791969299,"z":-0.16025151312351228,"w":0.12724845111370088},"size":0.5279301404953003,"orthographic":false}