{"cameraMode":{"drawMode":0,"name":"Shaded","section":"Shading Mode"},"sceneLighting":true,"audioPlay":false,"sceneViewState":{"showFog":true,"showMaterialUpdate":false,"showSkybox":true,"showFlares":true,"showImageEffects":true,"showParticleSystems":true},"in2DMode":false,"pivot":{"x":-0.4633665680885315,"y":0.8639755249023438,"z":-0.7662403583526611},"rotation":{"x":0.10493336617946625,"y":-0.28662192821502688,"z":0.031612612307071689,"w":0.9517850279808044},"size":3.8076698780059816,"orthographic":false}