{"cameraMode":{"drawMode":0,"name":"Shaded","section":"Shading Mode"},"sceneLighting":true,"audioPlay":false,"sceneViewState":{"showFog":true,"showMaterialUpdate":false,"showSkybox":true,"showFlares":true,"showImageEffects":true,"showParticleSystems":true},"in2DMode":false,"pivot":{"x":-0.080000139772892,"y":1.652059555053711,"z":-0.3731068968772888},"rotation":{"x":0.11831962317228317,"y":0.6412650942802429,"z":-0.10117930918931961,"w":0.7514224052429199},"size":0.3452339768409729,"orthographic":false}