{"cameraMode":{"drawMode":0,"name":"Shaded","section":"Shading Mode"},"sceneLighting":true,"audioPlay":false,"sceneViewState":{"showFog":true,"showMaterialUpdate":false,"showSkybox":true,"showFlares":true,"showImageEffects":true,"showParticleSystems":true},"in2DMode":false,"pivot":{"x":8.338619232177735,"y":1.1596566438674927,"z":3.6161506175994875},"rotation":{"x":0.11930356919765473,"y":0.709413468837738,"z":-0.12383205443620682,"w":0.6835078001022339},"size":1.5935049057006837,"orthographic":false}